QE9adm,pepldr03698.pi.pvt,Oracle Linux Server 8.6
U38adm,peplgp01300.pi.pvt,Oracle Linux Server 8.6
U58adm,peplap07439.pi.pvt,SUSE Linux Enterprise Server 15 SP4
U63adm,peplgp01299.pi.pvt,Oracle Linux Server 8.6
UE2adm,peplap07448.pi.pvt,SUSE Linux Enterprise Server 15 SP4
UE2adm,peplap07449.pi.pvt,SUSE Linux Enterprise Server 15 SP4
UE2adm,peplap07450.pi.pvt,SUSE Linux Enterprise Server 15 SP4
UE2adm,peplap07457.pi.pvt,SUSE Linux Enterprise Server 15 SP4
UE2adm,peplap07456.pi.pvt,SUSE Linux Enterprise Server 15 SP4
UE2adm,peplap07458.pi.pvt,SUSE Linux Enterprise Server 15 SP4
UE2adm,peplap07474.pi.pvt,SUSE Linux Enterprise Server 15 SP4
UE2adm,peplap07473.pi.pvt,SUSE Linux Enterprise Server 15 SP4
UE2adm,peplap07485.pi.pvt,SUSE Linux Enterprise Server 15 SP4
UE2adm,peplap07484.pi.pvt,SUSE Linux Enterprise Server 15 SP4
UE2adm,peplap07489.pi.pvt,SUSE Linux Enterprise Server 15 SP4
UE2adm,peplap07488.pi.pvt,SUSE Linux Enterprise Server 15 SP4
UX3adm,pepldr03123.pi.pvt,Oracle Linux Server 8.8
UX3adm,peplap09079.pi.pvt,SUSE Linux Enterprise Server 15 SP4
UX3adm,peplap09078.pi.pvt,SUSE Linux Enterprise Server 15 SP4
UX3adm,peplap09142.pi.pvt,Oracle Linux Server 8.8
UX3adm,peplap09141.pi.pvt,Oracle Linux Server 8.8
UX3adm,peplap09140.pi.pvt,Oracle Linux Server 8.8
UX3adm,peplap09139.pi.pvt,Oracle Linux Server 8.8